File Name,Class Name,Method Name,Kind,Line Numbers,Tags,Metadata
Anthozoa.java,ArrayCollection,ArrayCollection,constructor,21,sets_size_to_0,"ConstructorDeclaration(annotations=[Annotation(element=Literal(postfix_operators=[], prefix_operators=[], qualifier=None, selectors=[], value=""unchecked""), name=SuppressWarnings)], body=[StatementExpression(expression=Assignment(expressionl=MemberReference(member=size, postfix_operators=[], prefix_operators=[], qualifier=, selectors=[]), type==, value=Literal(postfix_operators=[], prefix_operators=[], qualifier=None, selectors=[], value=0)), label=None), StatementExpression(expression=Assignment(expressionl=MemberReference(member=data, postfix_operators=[], prefix_operators=[], qualifier=, selectors=[]), type==, value=Cast(expression=ArrayCreator(dimensions=[Literal(postfix_operators=[], prefix_operators=[], qualifier=None, selectors=[], value=10)], initializer=None, postfix_operators=[], prefix_operators=[], qualifier=None, selectors=[], type=ReferenceType(arguments=None, dimensions=None, name=Object, sub_type=None)), type=ReferenceType(arguments=None, dimensions=[None], name=T, sub_type=None))), label=None)], documentation=None, modifiers={'public'}, name=ArrayCollection, parameters=[], throws=None, type_parameters=None)"
Anthozoa.java,ArrayCollection,add,method,"44, 46, 47, 48, 50, 51, 52, 54, 55, 56, 59, 60, 61","array_insert_uses_size, grow_check_plus_one, increment_size","grow condition: BinaryOperation(operandl=MemberReference(member=length, postfix_operators=[], prefix_operators=[], qualifier=data, selectors=[]), operandr=BinaryOperation(operandl=MemberReference(member=size, postfix_operators=[], prefix_operators=[], qualifier=, selectors=[]), operandr=Literal(postfix_operators=[], prefix_operators=[], qualifier=None, selectors=[], value=1), operator=+), operator=<) | array insert: MemberReference(member=data, postfix_operators=[], prefix_operators=[], qualifier=, selectors=[ArraySelector(index=MemberReference(member=size, postfix_operators=[], prefix_operators=[], qualifier=, selectors=[]))]) | size update: MemberReference(member=size, postfix_operators=['++'], prefix_operators=[], qualifier=, selectors=[])"
Anthozoa.java,ArrayCollection,addAll,method,"65, 66, 67, 68, 69, 70, 71, 72, 73, 77","calls_add, calls_add_only, size_no_update","calls add: MethodInvocation(arguments=[MemberReference(member=thing, postfix_operators=[], prefix_operators=[], qualifier=, selectors=[])], member=add, postfix_operators=None, prefix_operators=None, qualifier=None, selectors=None, type_arguments=None) | no direct size update detected in addAll"
Anthozoa.java,ArrayCollection,clear,method,"81, 82",assign_size_to_zero,"size update: Assignment(expressionl=MemberReference(member=size, postfix_operators=[], prefix_operators=[], qualifier=, selectors=[]), type==, value=Literal(postfix_operators=[], prefix_operators=[], qualifier=None, selectors=[], value=0))"
Anthozoa.java,ArrayCollection,contains,method,"86, 88, 89, 90, 91, 92, 95",loop_bound_size,"for loop condition: BinaryOperation(operandl=MemberReference(member=index, postfix_operators=[], prefix_operators=[], qualifier=, selectors=[]), operandr=MemberReference(member=size, postfix_operators=[], prefix_operators=[], qualifier=, selectors=[]), operator=<)"
Anthozoa.java,ArrayCollection,containsAll,method,"99, 100, 101, 102, 103, 104, 105, 106, 108, 109, 110, 114",calls_contains,"calls contains: MethodInvocation(arguments=[MemberReference(member=temp, postfix_operators=[], prefix_operators=[], qualifier=, selectors=[])], member=contains, postfix_operators=None, prefix_operators=None, qualifier=None, selectors=None, type_arguments=None)"
Anthozoa.java,ArrayCollection,isEmpty,method,"118, 120","no_loop, size_check","size check: BinaryOperation(operandl=MemberReference(member=size, postfix_operators=[], prefix_operators=[], qualifier=, selectors=[]), operandr=Literal(postfix_operators=[], prefix_operators=[], qualifier=None, selectors=[], value=0), operator===)"
Anthozoa.java,ArrayCollection,iterator,method,"124, 126",return_new_arraycollectioniterator,"return statement: ReturnStatement(expression=ClassCreator(arguments=[], body=None, constructor_type_arguments=None, postfix_operators=[], prefix_operators=[], qualifier=None, selectors=[], type=ReferenceType(arguments=None, dimensions=None, name=ArrayCollectionIterator, sub_type=None)), label=None)"
Anthozoa.java,ArrayCollection,remove,method,"130, 132, 133, 134, 135, 136, 137, 138, 140, 141, 145","decrement_size, item_removed, loop_bound_size, two_loop_solution","for loop condition: BinaryOperation(operandl=MemberReference(member=index, postfix_operators=[], prefix_operators=[], qualifier=, selectors=[]), operandr=MemberReference(member=size, postfix_operators=[], prefix_operators=[], qualifier=, selectors=[]), operator=<) | for loop condition: BinaryOperation(operandl=MemberReference(member=jindex, postfix_operators=[], prefix_operators=[], qualifier=, selectors=[]), operandr=MemberReference(member=size, postfix_operators=[], prefix_operators=[], qualifier=, selectors=[]), operator=<) | data assignment during remove: Assignment(expressionl=MemberReference(member=data, postfix_operators=[], prefix_operators=[], qualifier=, selectors=[ArraySelector(index=BinaryOperation(operandl=MemberReference(member=jindex, postfix_operators=[], prefix_operators=[], qualifier=, selectors=[]), operandr=Literal(postfix_operators=[], prefix_operators=[], qualifier=None, selectors=[], value=1), operator=-))]), type==, value=MemberReference(member=data, postfix_operators=[], prefix_operators=[], qualifier=, selectors=[ArraySelector(index=MemberReference(member=jindex, postfix_operators=[], prefix_operators=[], qualifier=, selectors=[]))])) | size decrement: MemberReference(member=size, postfix_operators=['--'], prefix_operators=[], qualifier=, selectors=[])"
Anthozoa.java,ArrayCollection,removeAll,method,"149, 151, 152, 153, 154, 155, 156, 157, 158, 160, 161, 162, 166","calls_remove, calls_remove_only, does_not_call_contains, loop_other","while loop condition: MethodInvocation(arguments=[], member=hasNext, postfix_operators=[], prefix_operators=[], qualifier=argumentIter, selectors=[], type_arguments=None) | calls remove: MethodInvocation(arguments=[MemberReference(member=temp, postfix_operators=[], prefix_operators=[], qualifier=, selectors=[])], member=remove, postfix_operators=None, prefix_operators=None, qualifier=None, selectors=None, type_arguments=None)"
Anthozoa.java,ArrayCollection,retainAll,method,"169, 171, 172, 173, 174, 175, 176, 177, 180","calls_contains, calls_remove, calls_remove_only, iterator_removal, loop_other","while loop condition: MethodInvocation(arguments=[], member=hasNext, postfix_operators=[], prefix_operators=[], qualifier=arrayCollIter, selectors=[], type_arguments=None) | calls contains: MethodInvocation(arguments=[MemberReference(member=temp, postfix_operators=[], prefix_operators=[], qualifier=, selectors=[])], member=contains, postfix_operators=[], prefix_operators=['!'], qualifier=arg0, selectors=[], type_arguments=None) | calls remove: MethodInvocation(arguments=[], member=remove, postfix_operators=[], prefix_operators=[], qualifier=arrayCollIter, selectors=[], type_arguments=None) | iterator removal: MethodInvocation(arguments=[], member=remove, postfix_operators=[], prefix_operators=[], qualifier=arrayCollIter, selectors=[], type_arguments=None)"
Anthozoa.java,ArrayCollection,size,method,"183, 185",returns_size,"MethodDeclaration(annotations=[], body=[ReturnStatement(expression=MemberReference(member=size, postfix_operators=[], prefix_operators=[], qualifier=, selectors=[]), label=None)], documentation=None, modifiers={'public'}, name=size, parameters=[], return_type=BasicType(dimensions=[], name=int), throws=None, type_parameters=None)"
Anthozoa.java,ArrayCollection,toArray,method,"188, 190, 191, 192, 193, 195","loop_bound_size, returns_new_array, uses_loop_copy","new array created: ArrayCreator(dimensions=[MemberReference(member=size, postfix_operators=[], prefix_operators=[], qualifier=, selectors=[])], initializer=None, postfix_operators=[], prefix_operators=[], qualifier=None, selectors=[], type=ReferenceType(arguments=None, dimensions=None, name=Object, sub_type=None)) | for loop condition: BinaryOperation(operandl=MemberReference(member=index, postfix_operators=[], prefix_operators=[], qualifier=, selectors=[]), operandr=MemberReference(member=size, postfix_operators=[], prefix_operators=[], qualifier=, selectors=[]), operator=<) | return statement: ReturnStatement(expression=MemberReference(member=tempArray, postfix_operators=[], prefix_operators=[], qualifier=, selectors=[]), label=None)"
Anthozoa.java,ArrayCollection,toSortedList,method,"204, 205, 206, 207, 208, 211, 212, 213, 214, 215, 216, 217, 218, 221","loop_bound_other, loop_bound_size, size_not_mutated_in_toSortedList, uses_size_to_limit_sort_scope","for loop condition: BinaryOperation(operandl=MemberReference(member=index, postfix_operators=[], prefix_operators=[], qualifier=, selectors=[]), operandr=MemberReference(member=size, postfix_operators=[], prefix_operators=[], qualifier=, selectors=[]), operator=<) | add call: MethodInvocation(arguments=[MemberReference(member=data, postfix_operators=[], prefix_operators=[], qualifier=, selectors=[ArraySelector(index=MemberReference(member=index, postfix_operators=[], prefix_operators=[], qualifier=, selectors=[]))])], member=add, postfix_operators=[], prefix_operators=[], qualifier=toSort, selectors=[], type_arguments=None) | for loop condition: BinaryOperation(operandl=MemberReference(member=i, postfix_operators=[], prefix_operators=[], qualifier=, selectors=[]), operandr=BinaryOperation(operandl=MethodInvocation(arguments=[], member=size, postfix_operators=[], prefix_operators=[], qualifier=toSort, selectors=[], type_arguments=None), operandr=Literal(postfix_operators=[], prefix_operators=[], qualifier=None, selectors=[], value=1), operator=-), operator=<) | for loop condition: BinaryOperation(operandl=MemberReference(member=j, postfix_operators=[], prefix_operators=[], qualifier=, selectors=[]), operandr=MethodInvocation(arguments=[], member=size, postfix_operators=[], prefix_operators=[], qualifier=toSort, selectors=[], type_arguments=None), operator=<)"
ArrayCollection.java,ArrayCollection,ArrayCollection,constructor,24,sets_size_to_0,"ConstructorDeclaration(annotations=[Annotation(element=Literal(postfix_operators=[], prefix_operators=[], qualifier=None, selectors=[], value=""unchecked""), name=SuppressWarnings)], body=[StatementExpression(expression=Assignment(expressionl=MemberReference(member=size, postfix_operators=[], prefix_operators=[], qualifier=, selectors=[]), type==, value=Literal(postfix_operators=[], prefix_operators=[], qualifier=None, selectors=[], value=0)), label=None), StatementExpression(expression=Assignment(expressionl=MemberReference(member=index, postfix_operators=[], prefix_operators=[], qualifier=, selectors=[]), type==, value=Literal(postfix_operators=[], prefix_operators=[], qualifier=None, selectors=[], value=0)), label=None), StatementExpression(expression=Assignment(expressionl=MemberReference(member=data, postfix_operators=[], prefix_operators=[], qualifier=, selectors=[]), type==, value=Cast(expression=ArrayCreator(dimensions=[Literal(postfix_operators=[], prefix_operators=[], qualifier=None, selectors=[], value=10)], initializer=None, postfix_operators=[], prefix_operators=[], qualifier=None, selectors=[], type=ReferenceType(arguments=None, dimensions=None, name=Object, sub_type=None)), type=ReferenceType(arguments=None, dimensions=[None], name=T, sub_type=None))), label=None)], documentation=None, modifiers={'public'}, name=ArrayCollection, parameters=[], throws=None, type_parameters=None)"
ArrayCollection.java,ArrayCollection,add,method,"43, 45, 46, 49, 50, 51, 52, 54, 55","array_insert_uses_size, grow_check_equal, increment_size","grow condition: BinaryOperation(operandl=MemberReference(member=length, postfix_operators=[], prefix_operators=[], qualifier=data, selectors=[]), operandr=MemberReference(member=size, postfix_operators=[], prefix_operators=[], qualifier=, selectors=[]), operator===) | array insert: MemberReference(member=data, postfix_operators=[], prefix_operators=[], qualifier=, selectors=[ArraySelector(index=MemberReference(member=size, postfix_operators=[], prefix_operators=[], qualifier=, selectors=[]))]) | size update: MemberReference(member=size, postfix_operators=['++'], prefix_operators=[], qualifier=, selectors=[])"
ArrayCollection.java,ArrayCollection,addAll,method,"61, 63, 65, 67, 68, 71, 72, 73, 74, 78","calls_add, calls_add_only, size_no_update","calls add: MethodInvocation(arguments=[MemberReference(member=j, postfix_operators=[], prefix_operators=[], qualifier=, selectors=[])], member=add, postfix_operators=[], prefix_operators=[], qualifier=list, selectors=[], type_arguments=None) | calls add: MethodInvocation(arguments=[MethodInvocation(arguments=[MemberReference(member=i, postfix_operators=[], prefix_operators=[], qualifier=, selectors=[])], member=get, postfix_operators=[], prefix_operators=[], qualifier=list, selectors=[], type_arguments=None)], member=add, postfix_operators=None, prefix_operators=None, qualifier=None, selectors=None, type_arguments=None) | no direct size update detected in addAll"
ArrayCollection.java,ArrayCollection,clear,method,"82, 83, 84, 87",assign_size_to_zero,"size update: Assignment(expressionl=MemberReference(member=size, postfix_operators=[], prefix_operators=[], qualifier=, selectors=[]), type==, value=Literal(postfix_operators=[], prefix_operators=[], qualifier=None, selectors=[], value=0))"
ArrayCollection.java,ArrayCollection,contains,method,"91, 92, 93, 94, 98",loop_bound_data_length,"for loop condition: BinaryOperation(operandl=MemberReference(member=i, postfix_operators=[], prefix_operators=[], qualifier=, selectors=[]), operandr=MemberReference(member=length, postfix_operators=[], prefix_operators=[], qualifier=data, selectors=[]), operator=<)"
ArrayCollection.java,ArrayCollection,containsAll,method,"102, 104, 105, 106, 110","calls_contains, loop_enhanced_for, loop_over_input_collection","enhanced for iterable: MemberReference(member=arg0, postfix_operators=[], prefix_operators=[], qualifier=, selectors=[]) | enhanced for iterable: MemberReference(member=arg0, postfix_operators=[], prefix_operators=[], qualifier=, selectors=[]) | calls contains: MethodInvocation(arguments=[MemberReference(member=j, postfix_operators=[], prefix_operators=[], qualifier=, selectors=[])], member=contains, postfix_operators=None, prefix_operators=None, qualifier=None, selectors=None, type_arguments=None)"
ArrayCollection.java,ArrayCollection,isEmpty,method,"114, 116, 117, 120, 121, 122, 125","data_length_check, loop_bound_data_length","data.length check: BinaryOperation(operandl=MemberReference(member=length, postfix_operators=[], prefix_operators=[], qualifier=data, selectors=[]), operandr=Literal(postfix_operators=[], prefix_operators=[], qualifier=None, selectors=[], value=0), operator===) | for loop condition: BinaryOperation(operandl=MemberReference(member=i, postfix_operators=[], prefix_operators=[], qualifier=, selectors=[]), operandr=MemberReference(member=length, postfix_operators=[], prefix_operators=[], qualifier=data, selectors=[]), operator=<)"
ArrayCollection.java,ArrayCollection,iterator,method,"130, 132",return_new_arraycollectioniterator,"return statement: ReturnStatement(expression=ClassCreator(arguments=[], body=None, constructor_type_arguments=None, postfix_operators=[], prefix_operators=[], qualifier=None, selectors=[], type=ReferenceType(arguments=None, dimensions=None, name=ArrayCollectionIterator, sub_type=None)), label=None)"
ArrayCollection.java,ArrayCollection,remove,method,"136, 138, 140, 141, 142, 146, 147, 148, 149, 150, 151, 155","decrement_size, item_removed, loop_bound_data_length, two_loop_solution","for loop condition: BinaryOperation(operandl=MemberReference(member=i, postfix_operators=[], prefix_operators=[], qualifier=, selectors=[]), operandr=MemberReference(member=length, postfix_operators=[], prefix_operators=[], qualifier=data, selectors=[]), operator=<) | for loop condition: BinaryOperation(operandl=MemberReference(member=i, postfix_operators=[], prefix_operators=[], qualifier=, selectors=[]), operandr=MemberReference(member=length, postfix_operators=[], prefix_operators=[], qualifier=data, selectors=[]), operator=<) | array copy removal/coalesce: MethodInvocation(arguments=[MemberReference(member=data, postfix_operators=[], prefix_operators=[], qualifier=, selectors=[]), BinaryOperation(operandl=MemberReference(member=i, postfix_operators=[], prefix_operators=[], qualifier=, selectors=[]), operandr=Literal(postfix_operators=[], prefix_operators=[], qualifier=None, selectors=[], value=1), operator=+), MemberReference(member=data, postfix_operators=[], prefix_operators=[], qualifier=, selectors=[]), MemberReference(member=i, postfix_operators=[], prefix_operators=[], qualifier=, selectors=[]), MemberReference(member=end, postfix_operators=[], prefix_operators=[], qualifier=, selectors=[])], member=arraycopy, postfix_operators=[], prefix_operators=[], qualifier=System, selectors=[], type_arguments=None) | size decrement: MemberReference(member=size, postfix_operators=['--'], prefix_operators=[], qualifier=, selectors=[])"
ArrayCollection.java,ArrayCollection,removeAll,method,"160, 162, 164, 165, 166, 167, 170","calls_contains, calls_remove, calls_remove_only, loop_over_input_collection","enhanced for iterable: MemberReference(member=arg0, postfix_operators=[], prefix_operators=[], qualifier=, selectors=[]) | enhanced for iterable: MemberReference(member=arg0, postfix_operators=[], prefix_operators=[], qualifier=, selectors=[]) | calls contains: MethodInvocation(arguments=[MemberReference(member=j, postfix_operators=[], prefix_operators=[], qualifier=, selectors=[])], member=contains, postfix_operators=None, prefix_operators=None, qualifier=None, selectors=None, type_arguments=None) | calls remove: MethodInvocation(arguments=[MemberReference(member=j, postfix_operators=[], prefix_operators=[], qualifier=, selectors=[])], member=remove, postfix_operators=None, prefix_operators=None, qualifier=None, selectors=None, type_arguments=None)"
ArrayCollection.java,ArrayCollection,retainAll,method,"175, 177, 179, 180, 181, 185","calls_contains, calls_remove, calls_remove_only, loop_other","enhanced for iterable: This(postfix_operators=[], prefix_operators=[], qualifier=None, selectors=[]) | enhanced for iterable: This(postfix_operators=[], prefix_operators=[], qualifier=None, selectors=[]) | calls contains: MethodInvocation(arguments=[MemberReference(member=j, postfix_operators=[], prefix_operators=[], qualifier=, selectors=[])], member=contains, postfix_operators=[], prefix_operators=['!'], qualifier=arg0, selectors=[], type_arguments=None) | calls remove: MethodInvocation(arguments=[MemberReference(member=j, postfix_operators=[], prefix_operators=[], qualifier=, selectors=[])], member=remove, postfix_operators=None, prefix_operators=None, qualifier=None, selectors=None, type_arguments=None)"
ArrayCollection.java,ArrayCollection,size,method,"189, 191",returns_size,"MethodDeclaration(annotations=[], body=[ReturnStatement(expression=MemberReference(member=size, postfix_operators=[], prefix_operators=[], qualifier=, selectors=[]), label=None)], documentation=None, modifiers={'public'}, name=size, parameters=[], return_type=BasicType(dimensions=[], name=int), throws=None, type_parameters=None)"
ArrayCollection.java,ArrayCollection,toArray,method,"196, 198, 200, 202","no_loop, returns_new_array","new array created: ArrayCreator(dimensions=[MemberReference(member=size, postfix_operators=[], prefix_operators=[], qualifier=, selectors=[])], initializer=None, postfix_operators=[], prefix_operators=[], qualifier=None, selectors=[], type=ReferenceType(arguments=None, dimensions=None, name=Object, sub_type=None)) | return statement: ReturnStatement(expression=MemberReference(member=dataCopy, postfix_operators=[], prefix_operators=[], qualifier=, selectors=[]), label=None)"
ArrayCollection.java,ArrayCollection,toSortedList,method,"216, 218, 219, 220, 221, 222, 223, 224, 225, 226, 227, 228, 231, 232, 233, 236","ignores_size_in_sort_scope, loop_bound_data_length, size_not_mutated_in_toSortedList","for loop condition: BinaryOperation(operandl=MemberReference(member=i, postfix_operators=[], prefix_operators=[], qualifier=, selectors=[]), operandr=BinaryOperation(operandl=MemberReference(member=length, postfix_operators=[], prefix_operators=[], qualifier=data, selectors=[]), operandr=Literal(postfix_operators=[], prefix_operators=[], qualifier=None, selectors=[], value=1), operator=-), operator=<) | for loop condition: BinaryOperation(operandl=MemberReference(member=j, postfix_operators=[], prefix_operators=[], qualifier=, selectors=[]), operandr=MemberReference(member=length, postfix_operators=[], prefix_operators=[], qualifier=data, selectors=[]), operator=<) | add call: MethodInvocation(arguments=[MemberReference(member=data, postfix_operators=[], prefix_operators=[], qualifier=, selectors=[ArraySelector(index=MemberReference(member=i, postfix_operators=[], prefix_operators=[], qualifier=, selectors=[]))])], member=add, postfix_operators=[], prefix_operators=[], qualifier=temp, selectors=[], type_arguments=None) | for loop condition: BinaryOperation(operandl=MemberReference(member=i, postfix_operators=[], prefix_operators=[], qualifier=, selectors=[]), operandr=MemberReference(member=length, postfix_operators=[], prefix_operators=[], qualifier=data, selectors=[]), operator=<) | add call: MethodInvocation(arguments=[MemberReference(member=data, postfix_operators=[], prefix_operators=[], qualifier=, selectors=[ArraySelector(index=MemberReference(member=i, postfix_operators=[], prefix_operators=[], qualifier=, selectors=[]))])], member=add, postfix_operators=[], prefix_operators=[], qualifier=sorted, selectors=[], type_arguments=None)"
BlackRhinoceros.java,ArrayCollection,ArrayCollection,constructor,21,sets_size_to_0,"ConstructorDeclaration(annotations=[Annotation(element=Literal(postfix_operators=[], prefix_operators=[], qualifier=None, selectors=[], value=""unchecked""), name=SuppressWarnings)], body=[StatementExpression(expression=Assignment(expressionl=MemberReference(member=size, postfix_operators=[], prefix_operators=[], qualifier=, selectors=[]), type==, value=Literal(postfix_operators=[], prefix_operators=[], qualifier=None, selectors=[], value=0)), label=None), StatementExpression(expression=Assignment(expressionl=MemberReference(member=data, postfix_operators=[], prefix_operators=[], qualifier=, selectors=[]), type==, value=Cast(expression=ArrayCreator(dimensions=[Literal(postfix_operators=[], prefix_operators=[], qualifier=None, selectors=[], value=10)], initializer=None, postfix_operators=[], prefix_operators=[], qualifier=None, selectors=[], type=ReferenceType(arguments=None, dimensions=None, name=Object, sub_type=None)), type=ReferenceType(arguments=None, dimensions=[None], name=T, sub_type=None))), label=None)], documentation=None, modifiers={'public'}, name=ArrayCollection, parameters=[], throws=None, type_parameters=None)"
BlackRhinoceros.java,ArrayCollection,add,method,"44, 47, 48, 52, 53, 57, 58, 62, 63, 64","array_insert_uses_size, grow_check_goe, increment_size","grow condition: BinaryOperation(operandl=MemberReference(member=size, postfix_operators=[], prefix_operators=[], qualifier=, selectors=[]), operandr=MemberReference(member=length, postfix_operators=[], prefix_operators=[], qualifier=data, selectors=[]), operator=>=) | array insert: MemberReference(member=data, postfix_operators=[], prefix_operators=[], qualifier=, selectors=[ArraySelector(index=MemberReference(member=size, postfix_operators=[], prefix_operators=[], qualifier=, selectors=[]))]) | size update: MemberReference(member=size, postfix_operators=['++'], prefix_operators=[], qualifier=, selectors=[])"
BlackRhinoceros.java,ArrayCollection,addAll,method,"68, 72, 73, 77, 78, 79, 80, 85","calls_add, calls_add_only, size_no_update","calls add: MethodInvocation(arguments=[MemberReference(member=currentObject, postfix_operators=[], prefix_operators=[], qualifier=, selectors=[])], member=add, postfix_operators=[], prefix_operators=[], qualifier=, selectors=[], type_arguments=None) | no direct size update detected in addAll"
BlackRhinoceros.java,ArrayCollection,clear,method,"89, 90, 93, 94",assign_size_to_zero,"size update: Assignment(expressionl=MemberReference(member=size, postfix_operators=[], prefix_operators=[], qualifier=, selectors=[]), type==, value=Literal(postfix_operators=[], prefix_operators=[], qualifier=None, selectors=[], value=0))"
BlackRhinoceros.java,ArrayCollection,contains,method,"98, 101, 102, 103, 104, 107",loop_bound_other,"while loop condition: MethodInvocation(arguments=[], member=hasNext, postfix_operators=[], prefix_operators=[], qualifier=itr, selectors=[], type_arguments=None)"
BlackRhinoceros.java,ArrayCollection,containsAll,method,"111, 115, 116, 117, 118, 119, 122",does_not_call_contains,"MethodDeclaration(annotations=[], body=[LocalVariableDeclaration(annotations=[], declarators=[VariableDeclarator(dimensions=[], initializer=MethodInvocation(arguments=[], member=iterator, postfix_operators=[], prefix_operators=[], qualifier=input, selectors=[], type_arguments=None), name=inputITR)], modifiers=set(), type=ReferenceType(arguments=[TypeArgument(pattern_type=?, type=None)], dimensions=[], name=Iterator, sub_type=None)), WhileStatement(body=BlockStatement(label=None, statements=[LocalVariableDeclaration(annotations=[], declarators=[VariableDeclarator(dimensions=[], initializer=MethodInvocation(arguments=[], member=next, postfix_operators=[], prefix_operators=[], qualifier=inputITR, selectors=[], type_arguments=None), name=currentObject)], modifiers=set(), type=ReferenceType(arguments=None, dimensions=[], name=Object, sub_type=None)), IfStatement(condition=This(postfix_operators=[], prefix_operators=['!'], qualifier=None, selectors=[]), else_statement=None, label=None, then_statement=BlockStatement(label=None, statements=[ReturnStatement(expression=Literal(postfix_operators=[], prefix_operators=[], qualifier=None, selectors=[], value=false), label=None)]))]), condition=MethodInvocation(arguments=[], member=hasNext, postfix_operators=[], prefix_operators=[], qualifier=inputITR, selectors=[], type_arguments=None), label=None), ReturnStatement(expression=Literal(postfix_operators=[], prefix_operators=[], qualifier=None, selectors=[], value=true), label=None)], documentation=None, modifiers={'public'}, name=containsAll, parameters=[FormalParameter(annotations=[], modifiers=set(), name=input, type=ReferenceType(arguments=[TypeArgument(pattern_type=?, type=None)], dimensions=[], name=Collection, sub_type=None), varargs=False)], return_type=BasicType(dimensions=[], name=boolean), throws=None, type_parameters=None)"
BlackRhinoceros.java,ArrayCollection,isEmpty,method,"126, 127","no_loop, size_check","size check: BinaryOperation(operandl=MemberReference(member=size, postfix_operators=[], prefix_operators=[], qualifier=, selectors=[]), operandr=Literal(postfix_operators=[], prefix_operators=[], qualifier=None, selectors=[], value=0), operator===)"
BlackRhinoceros.java,ArrayCollection,iterator,method,"131, 132",return_new_arraycollectioniterator,"return statement: ReturnStatement(expression=ClassCreator(arguments=[], body=None, constructor_type_arguments=None, postfix_operators=[], prefix_operators=[], qualifier=None, selectors=[], type=ReferenceType(arguments=None, dimensions=None, name=ArrayCollectionIterator, sub_type=None)), label=None)"
BlackRhinoceros.java,ArrayCollection,remove,method,"136, 141, 142, 143, 144, 145, 146, 149","loop_bound_other, one_loop_solution","while loop condition: MethodInvocation(arguments=[], member=hasNext, postfix_operators=[], prefix_operators=[], qualifier=itr, selectors=[], type_arguments=None)"
BlackRhinoceros.java,ArrayCollection,removeAll,method,"153, 157, 158, 159, 160, 161, 162, 167","calls_remove, calls_remove_only, does_not_call_contains, loop_other","while loop condition: MethodInvocation(arguments=[], member=hasNext, postfix_operators=[], prefix_operators=[], qualifier=inputITR, selectors=[], type_arguments=None) | calls remove: MethodInvocation(arguments=[MemberReference(member=currentObject, postfix_operators=[], prefix_operators=[], qualifier=, selectors=[])], member=remove, postfix_operators=[], prefix_operators=[], qualifier=, selectors=[], type_arguments=None)"
BlackRhinoceros.java,ArrayCollection,retainAll,method,"171, 175, 176, 181, 182, 183, 184, 185, 186, 187, 188, 191, 192, 193, 195, 197","calls_remove, calls_remove_only, does_not_call_contains, loop_other","while loop condition: MethodInvocation(arguments=[], member=hasNext, postfix_operators=[], prefix_operators=[], qualifier=currentITR, selectors=[], type_arguments=None) | while loop condition: MethodInvocation(arguments=[], member=hasNext, postfix_operators=[], prefix_operators=[], qualifier=inputITR, selectors=[], type_arguments=None) | calls remove: MethodInvocation(arguments=[], member=remove, postfix_operators=[], prefix_operators=[], qualifier=currentITR, selectors=[], type_arguments=None)"
BlackRhinoceros.java,ArrayCollection,size,method,"201, 202",returns_size,"MethodDeclaration(annotations=[], body=[ReturnStatement(expression=MemberReference(member=size, postfix_operators=[], prefix_operators=[], qualifier=, selectors=[]), label=None)], documentation=None, modifiers={'public'}, name=size, parameters=[], return_type=BasicType(dimensions=[], name=int), throws=None, type_parameters=None)"
BlackRhinoceros.java,ArrayCollection,toArray,method,"206, 207, 208, 209, 210, 212","loop_bound_size, returns_new_array, uses_loop_copy","new array created: ArrayCreator(dimensions=[MemberReference(member=size, postfix_operators=[], prefix_operators=[], qualifier=, selectors=[])], initializer=None, postfix_operators=[], prefix_operators=[], qualifier=None, selectors=[], type=ReferenceType(arguments=None, dimensions=None, name=Object, sub_type=None)) | for loop condition: BinaryOperation(operandl=MemberReference(member=i, postfix_operators=[], prefix_operators=[], qualifier=, selectors=[]), operandr=MemberReference(member=size, postfix_operators=[], prefix_operators=[], qualifier=, selectors=[]), operator=<) | return statement: ReturnStatement(expression=MemberReference(member=dataToArray, postfix_operators=[], prefix_operators=[], qualifier=, selectors=[]), label=None)"
BlackRhinoceros.java,ArrayCollection,toSortedList,method,"221, 225, 226, 227, 228, 229, 230, 233, 234, 235, 237","ignores_size_in_sort_scope, loop_bound_other, size_not_mutated_in_toSortedList","for loop condition: BinaryOperation(operandl=MemberReference(member=i, postfix_operators=[], prefix_operators=[], qualifier=, selectors=[]), operandr=BinaryOperation(operandl=MethodInvocation(arguments=[], member=size, postfix_operators=[], prefix_operators=[], qualifier=sortedList, selectors=[], type_arguments=None), operandr=Literal(postfix_operators=[], prefix_operators=[], qualifier=None, selectors=[], value=1), operator=-), operator=<) | for loop condition: BinaryOperation(operandl=MemberReference(member=j, postfix_operators=[], prefix_operators=[], qualifier=, selectors=[]), operandr=MethodInvocation(arguments=[], member=size, postfix_operators=[], prefix_operators=[], qualifier=sortedList, selectors=[], type_arguments=None), operator=<)"
Newt.java,ArrayCollection,ArrayCollection,constructor,20,sets_size_to_0,"ConstructorDeclaration(annotations=[Annotation(element=Literal(postfix_operators=[], prefix_operators=[], qualifier=None, selectors=[], value=""unchecked""), name=SuppressWarnings)], body=[StatementExpression(expression=Assignment(expressionl=MemberReference(member=size, postfix_operators=[], prefix_operators=[], qualifier=, selectors=[]), type==, value=Literal(postfix_operators=[], prefix_operators=[], qualifier=None, selectors=[], value=0)), label=None), StatementExpression(expression=Assignment(expressionl=MemberReference(member=data, postfix_operators=[], prefix_operators=[], qualifier=, selectors=[]), type==, value=Cast(expression=ArrayCreator(dimensions=[Literal(postfix_operators=[], prefix_operators=[], qualifier=None, selectors=[], value=10)], initializer=None, postfix_operators=[], prefix_operators=[], qualifier=None, selectors=[], type=ReferenceType(arguments=None, dimensions=None, name=Object, sub_type=None)), type=ReferenceType(arguments=None, dimensions=[None], name=T, sub_type=None))), label=None)], documentation=None, modifiers={'public'}, name=ArrayCollection, parameters=[], throws=None, type_parameters=None)"
Newt.java,ArrayCollection,add,method,"45, 48, 49, 52, 53, 55, 57, 59, 60, 61, 64","growth_check_with_size_function, increment_size","grow condition: BinaryOperation(operandl=MemberReference(member=length, postfix_operators=[], prefix_operators=[], qualifier=data, selectors=[]), operandr=MethodInvocation(arguments=[], member=size, postfix_operators=[], prefix_operators=[], qualifier=, selectors=[], type_arguments=None), operator===) | size update: MemberReference(member=size, postfix_operators=['++'], prefix_operators=[], qualifier=, selectors=[])"
Newt.java,ArrayCollection,addAll,method,"67, 69, 71, 72, 73, 76, 77, 78, 79, 80, 84","calls_add, calls_add_only, size_no_update","calls add: MethodInvocation(arguments=[MemberReference(member=x, postfix_operators=[], prefix_operators=[], qualifier=, selectors=[])], member=add, postfix_operators=None, prefix_operators=None, qualifier=None, selectors=None, type_arguments=None) | no direct size update detected in addAll"
Newt.java,ArrayCollection,clear,method,"87, 89, 90",size_not_reset,no size reset detected in clear method
Newt.java,ArrayCollection,contains,method,"95, 97, 99, 100, 102, 103, 106",loop_bound_other,"for loop control: EnhancedForControl(iterable=MemberReference(member=data, postfix_operators=[], prefix_operators=[], qualifier=, selectors=[]), var=VariableDeclaration(annotations=[], declarators=[VariableDeclarator(dimensions=None, initializer=None, name=x)], modifiers=set(), type=ReferenceType(arguments=None, dimensions=[], name=T, sub_type=None))) | enhanced for iterable: MemberReference(member=data, postfix_operators=[], prefix_operators=[], qualifier=, selectors=[])"
Newt.java,ArrayCollection,containsAll,method,"109, 111, 112, 115, 116, 117, 118, 120, 121, 122, 123, 127, 128, 129, 130","does_not_call_contains, loop_over_input_collection, loop_standard_for","standard for condition: BinaryOperation(operandl=MemberReference(member=i, postfix_operators=[], prefix_operators=[], qualifier=, selectors=[]), operandr=This(postfix_operators=[], prefix_operators=[], qualifier=None, selectors=[MethodInvocation(arguments=[], member=size, postfix_operators=None, prefix_operators=None, qualifier=None, selectors=None, type_arguments=None)]), operator=<) | standard for condition: BinaryOperation(operandl=MemberReference(member=j, postfix_operators=[], prefix_operators=[], qualifier=, selectors=[]), operandr=MethodInvocation(arguments=[], member=size, postfix_operators=[], prefix_operators=[], qualifier=arg0, selectors=[], type_arguments=None), operator=<)"
Newt.java,ArrayCollection,isEmpty,method,"134, 136, 137, 139",no_loop,"MethodDeclaration(annotations=[], body=[IfStatement(condition=BinaryOperation(operandl=MethodInvocation(arguments=[], member=size, postfix_operators=[], prefix_operators=[], qualifier=, selectors=[], type_arguments=None), operandr=Literal(postfix_operators=[], prefix_operators=[], qualifier=None, selectors=[], value=0), operator===), else_statement=None, label=None, then_statement=BlockStatement(label=None, statements=[ReturnStatement(expression=Literal(postfix_operators=[], prefix_operators=[], qualifier=None, selectors=[], value=true), label=None)])), ReturnStatement(expression=Literal(postfix_operators=[], prefix_operators=[], qualifier=None, selectors=[], value=false), label=None)], documentation=None, modifiers={'public'}, name=isEmpty, parameters=[], return_type=BasicType(dimensions=[], name=boolean), throws=None, type_parameters=None)"
Newt.java,ArrayCollection,iterator,method,"142, 144, 145",NULL,"MethodDeclaration(annotations=[], body=[LocalVariableDeclaration(annotations=[], declarators=[VariableDeclarator(dimensions=[], initializer=This(postfix_operators=[], prefix_operators=[], qualifier=None, selectors=[InnerClassCreator(arguments=[], body=None, constructor_type_arguments=None, postfix_operators=None, prefix_operators=None, qualifier=None, selectors=None, type=ReferenceType(arguments=None, dimensions=None, name=ArrayCollectionIterator, sub_type=None))]), name=itr)], modifiers=set(), type=ReferenceType(arguments=[TypeArgument(pattern_type=None, type=ReferenceType(arguments=None, dimensions=[], name=T, sub_type=None))], dimensions=[], name=Iterator, sub_type=None)), ReturnStatement(expression=MemberReference(member=itr, postfix_operators=[], prefix_operators=[], qualifier=, selectors=[]), label=None)], documentation=None, modifiers={'public'}, name=iterator, parameters=[], return_type=ReferenceType(arguments=[TypeArgument(pattern_type=None, type=ReferenceType(arguments=None, dimensions=[], name=T, sub_type=None))], dimensions=[], name=Iterator, sub_type=None), throws=None, type_parameters=None)"
Newt.java,ArrayCollection,remove,method,"148, 150, 151, 152, 154, 155, 156, 157, 161","loop_bound_other, one_loop_solution","while loop condition: MethodInvocation(arguments=[], member=hasNext, postfix_operators=[], prefix_operators=[], qualifier=itr, selectors=[], type_arguments=None) | size decrement: MemberReference(member=size, postfix_operators=['--'], prefix_operators=[], qualifier=, selectors=[])"
Newt.java,ArrayCollection,removeAll,method,"164, 166, 167, 169, 170, 172, 173, 175, 179, 180, 181, 183, 184, 185","calls_contains, calls_remove, calls_remove_only, loop_over_input_collection, loop_over_self_collection","standard for condition: BinaryOperation(operandl=MemberReference(member=i, postfix_operators=[], prefix_operators=[], qualifier=, selectors=[]), operandr=MethodInvocation(arguments=[], member=size, postfix_operators=[], prefix_operators=[], qualifier=arg0, selectors=[], type_arguments=None), operator=<) | calls contains: MethodInvocation(arguments=[MemberReference(member=x, postfix_operators=[], prefix_operators=[], qualifier=, selectors=[])], member=contains, postfix_operators=None, prefix_operators=None, qualifier=None, selectors=None, type_arguments=None) | calls remove: MethodInvocation(arguments=[MemberReference(member=x, postfix_operators=[], prefix_operators=[], qualifier=, selectors=[])], member=remove, postfix_operators=None, prefix_operators=None, qualifier=None, selectors=None, type_arguments=None) | enhanced for iterable: MemberReference(member=data, postfix_operators=[], prefix_operators=[], qualifier=, selectors=[]) | enhanced for iterable: MemberReference(member=data, postfix_operators=[], prefix_operators=[], qualifier=, selectors=[])"
Newt.java,ArrayCollection,retainAll,method,"189, 190, 191, 192, 193, 194, 195, 196, 198, 199, 200, 201, 203, 204, 206, 207, 211, 213, 214, 221, 223, 224, 225, 226, 227","does_not_call_contains, does_not_call_remove, loop_over_self_collection, size_change_nonstandard","standard for condition: BinaryOperation(operandl=MemberReference(member=i, postfix_operators=[], prefix_operators=[], qualifier=, selectors=[]), operandr=This(postfix_operators=[], prefix_operators=[], qualifier=None, selectors=[MethodInvocation(arguments=[], member=size, postfix_operators=None, prefix_operators=None, qualifier=None, selectors=None, type_arguments=None)]), operator=<) | standard for condition: BinaryOperation(operandl=MemberReference(member=j, postfix_operators=[], prefix_operators=[], qualifier=, selectors=[]), operandr=MethodInvocation(arguments=[], member=size, postfix_operators=[], prefix_operators=[], qualifier=arg0, selectors=[], type_arguments=None), operator=<) | size update: Assignment(expressionl=MemberReference(member=size, postfix_operators=[], prefix_operators=[], qualifier=, selectors=[]), type=-=, value=MemberReference(member=removedItems, postfix_operators=[], prefix_operators=[], qualifier=, selectors=[]))"
Newt.java,ArrayCollection,size,method,"232, 233",returns_size,"MethodDeclaration(annotations=[], body=[ReturnStatement(expression=MemberReference(member=size, postfix_operators=[], prefix_operators=[], qualifier=, selectors=[]), label=None)], documentation=None, modifiers={'public'}, name=size, parameters=[], return_type=BasicType(dimensions=[], name=int), throws=None, type_parameters=None)"
Newt.java,ArrayCollection,toArray,method,"237, 238, 240, 241, 242, 245","loop_bound_other, returns_new_array, uses_loop_copy","new array created: ArrayCreator(dimensions=[This(postfix_operators=[], prefix_operators=[], qualifier=None, selectors=[MemberReference(member=size, postfix_operators=None, prefix_operators=None, qualifier=None, selectors=None)])], initializer=None, postfix_operators=[], prefix_operators=[], qualifier=None, selectors=[], type=ReferenceType(arguments=None, dimensions=None, name=Object, sub_type=None)) | for loop condition: BinaryOperation(operandl=MemberReference(member=i, postfix_operators=[], prefix_operators=[], qualifier=, selectors=[]), operandr=This(postfix_operators=[], prefix_operators=[], qualifier=None, selectors=[MethodInvocation(arguments=[], member=size, postfix_operators=None, prefix_operators=None, qualifier=None, selectors=None, type_arguments=None)]), operator=<) | return statement: ReturnStatement(expression=MemberReference(member=tempArray, postfix_operators=[], prefix_operators=[], qualifier=, selectors=[]), label=None)"
Newt.java,ArrayCollection,toSortedList,method,"257, 258, 260, 261, 264, 265, 267, 271, 272, 276, 279","ignores_size_in_sort_scope, loop_bound_other, size_not_mutated_in_toSortedList","for loop control: EnhancedForControl(iterable=MemberReference(member=data, postfix_operators=[], prefix_operators=[], qualifier=, selectors=[]), var=VariableDeclaration(annotations=[], declarators=[VariableDeclarator(dimensions=None, initializer=None, name=t)], modifiers=set(), type=ReferenceType(arguments=None, dimensions=[], name=T, sub_type=None))) | add call: MethodInvocation(arguments=[MemberReference(member=t, postfix_operators=[], prefix_operators=[], qualifier=, selectors=[])], member=add, postfix_operators=[], prefix_operators=[], qualifier=sortedArray, selectors=[], type_arguments=None) | for loop condition: BinaryOperation(operandl=MemberReference(member=i, postfix_operators=[], prefix_operators=[], qualifier=, selectors=[]), operandr=This(postfix_operators=[], prefix_operators=[], qualifier=None, selectors=[MethodInvocation(arguments=[], member=size, postfix_operators=None, prefix_operators=None, qualifier=None, selectors=None, type_arguments=None)]), operator=<) | for loop condition: BinaryOperation(operandl=MemberReference(member=j, postfix_operators=[], prefix_operators=[], qualifier=, selectors=[]), operandr=This(postfix_operators=[], prefix_operators=[], qualifier=None, selectors=[MethodInvocation(arguments=[], member=size, postfix_operators=None, prefix_operators=None, qualifier=None, selectors=None, type_arguments=None)]), operator=<)"
Yak.java,ArrayCollection,ArrayCollection,constructor,21,sets_size_to_0,"ConstructorDeclaration(annotations=[Annotation(element=Literal(postfix_operators=[], prefix_operators=[], qualifier=None, selectors=[], value=""unchecked""), name=SuppressWarnings)], body=[StatementExpression(expression=Assignment(expressionl=MemberReference(member=size, postfix_operators=[], prefix_operators=[], qualifier=, selectors=[]), type==, value=Literal(postfix_operators=[], prefix_operators=[], qualifier=None, selectors=[], value=0)), label=None), StatementExpression(expression=Assignment(expressionl=MemberReference(member=data, postfix_operators=[], prefix_operators=[], qualifier=, selectors=[]), type==, value=Cast(expression=ArrayCreator(dimensions=[Literal(postfix_operators=[], prefix_operators=[], qualifier=None, selectors=[], value=10)], initializer=None, postfix_operators=[], prefix_operators=[], qualifier=None, selectors=[], type=ReferenceType(arguments=None, dimensions=None, name=Object, sub_type=None)), type=ReferenceType(arguments=None, dimensions=[None], name=T, sub_type=None))), label=None)], documentation=None, modifiers={'public'}, name=ArrayCollection, parameters=[], throws=None, type_parameters=None)"
Yak.java,ArrayCollection,add,method,"41, 43, 44, 46, 47, 49, 50, 51","array_insert_uses_size, grow_check_equal, increment_size","grow condition: BinaryOperation(operandl=BinaryOperation(operandl=MemberReference(member=length, postfix_operators=[], prefix_operators=[], qualifier=data, selectors=[]), operandr=Literal(postfix_operators=[], prefix_operators=[], qualifier=None, selectors=[], value=1), operator=-), operandr=MemberReference(member=size, postfix_operators=[], prefix_operators=[], qualifier=, selectors=[]), operator===) | array insert: MemberReference(member=data, postfix_operators=[], prefix_operators=[], qualifier=, selectors=[ArraySelector(index=MemberReference(member=size, postfix_operators=[], prefix_operators=[], qualifier=, selectors=[]))]) | size update: MemberReference(member=size, postfix_operators=['++'], prefix_operators=[], qualifier=, selectors=[])"
Yak.java,ArrayCollection,addAll,method,"55, 56, 59, 60, 61, 63","calls_add, calls_add_only, size_no_update","calls add: MethodInvocation(arguments=[MemberReference(member=obj, postfix_operators=[], prefix_operators=[], qualifier=, selectors=[])], member=add, postfix_operators=[], prefix_operators=[], qualifier=, selectors=[], type_arguments=None) | no direct size update detected in addAll"
Yak.java,ArrayCollection,clear,method,"67, 68, 69, 71",assign_size_to_zero,"size update: Assignment(expressionl=MemberReference(member=size, postfix_operators=[], prefix_operators=[], qualifier=, selectors=[]), type==, value=Literal(postfix_operators=[], prefix_operators=[], qualifier=None, selectors=[], value=0))"
Yak.java,ArrayCollection,contains,method,"75, 76, 77, 78, 79, 81",loop_bound_other,"while loop condition: MethodInvocation(arguments=[], member=hasNext, postfix_operators=[], prefix_operators=[], qualifier=itr, selectors=[], type_arguments=None)"
Yak.java,ArrayCollection,containsAll,method,"85, 86, 87, 88, 91","calls_contains, loop_enhanced_for, loop_over_input_collection","enhanced for iterable: MemberReference(member=arg0, postfix_operators=[], prefix_operators=[], qualifier=, selectors=[]) | enhanced for iterable: MemberReference(member=arg0, postfix_operators=[], prefix_operators=[], qualifier=, selectors=[]) | calls contains: MethodInvocation(arguments=[MemberReference(member=obj, postfix_operators=[], prefix_operators=[], qualifier=, selectors=[])], member=contains, postfix_operators=[], prefix_operators=['!'], qualifier=, selectors=[], type_arguments=None)"
Yak.java,ArrayCollection,isEmpty,method,"95, 96, 97, 99","no_loop, size_check","size check: BinaryOperation(operandl=MemberReference(member=size, postfix_operators=[], prefix_operators=[], qualifier=, selectors=[]), operandr=Literal(postfix_operators=[], prefix_operators=[], qualifier=None, selectors=[], value=0), operator===)"
Yak.java,ArrayCollection,iterator,method,"103, 104, 105",NULL,"MethodDeclaration(annotations=[], body=[LocalVariableDeclaration(annotations=[], declarators=[VariableDeclarator(dimensions=[], initializer=ClassCreator(arguments=[], body=None, constructor_type_arguments=None, postfix_operators=[], prefix_operators=[], qualifier=None, selectors=[], type=ReferenceType(arguments=None, dimensions=None, name=ArrayCollectionIterator, sub_type=None)), name=itr)], modifiers=set(), type=ReferenceType(arguments=None, dimensions=[], name=ArrayCollectionIterator, sub_type=None)), ReturnStatement(expression=MemberReference(member=itr, postfix_operators=[], prefix_operators=[], qualifier=, selectors=[]), label=None)], documentation=None, modifiers={'public'}, name=iterator, parameters=[], return_type=ReferenceType(arguments=[TypeArgument(pattern_type=None, type=ReferenceType(arguments=None, dimensions=[], name=T, sub_type=None))], dimensions=[], name=Iterator, sub_type=None), throws=None, type_parameters=None)"
Yak.java,ArrayCollection,remove,method,"109, 110, 111, 112, 113, 114, 115, 118","loop_bound_other, one_loop_solution","while loop condition: MethodInvocation(arguments=[], member=hasNext, postfix_operators=[], prefix_operators=[], qualifier=itr, selectors=[], type_arguments=None) | size decrement: MemberReference(member=size, postfix_operators=['--'], prefix_operators=[], qualifier=, selectors=[])"
Yak.java,ArrayCollection,removeAll,method,"122, 123, 124, 125, 127, 133","calls_remove, calls_remove_only, does_not_call_contains, loop_over_input_collection","enhanced for iterable: MemberReference(member=arg0, postfix_operators=[], prefix_operators=[], qualifier=, selectors=[]) | enhanced for iterable: MemberReference(member=arg0, postfix_operators=[], prefix_operators=[], qualifier=, selectors=[]) | calls remove: MethodInvocation(arguments=[MemberReference(member=object, postfix_operators=[], prefix_operators=[], qualifier=, selectors=[])], member=remove, postfix_operators=[], prefix_operators=[], qualifier=, selectors=[], type_arguments=None)"
Yak.java,ArrayCollection,retainAll,method,"138, 139, 141, 142, 143, 144, 145, 149","calls_contains, calls_remove, calls_remove_only, loop_other","while loop condition: MethodInvocation(arguments=[], member=hasNext, postfix_operators=[], prefix_operators=[], qualifier=itr, selectors=[], type_arguments=None) | calls contains: MethodInvocation(arguments=[MethodInvocation(arguments=[], member=next, postfix_operators=[], prefix_operators=[], qualifier=itr, selectors=[], type_arguments=None)], member=contains, postfix_operators=[], prefix_operators=['!'], qualifier=arg0, selectors=[], type_arguments=None) | calls remove: MethodInvocation(arguments=[], member=remove, postfix_operators=[], prefix_operators=[], qualifier=itr, selectors=[], type_arguments=None)"
Yak.java,ArrayCollection,size,method,"153, 154",returns_size,"MethodDeclaration(annotations=[], body=[ReturnStatement(expression=MemberReference(member=size, postfix_operators=[], prefix_operators=[], qualifier=, selectors=[]), label=None)], documentation=None, modifiers={'public'}, name=size, parameters=[], return_type=BasicType(dimensions=[], name=int), throws=None, type_parameters=None)"
Yak.java,ArrayCollection,toArray,method,"158, 159, 160, 161, 162","loop_bound_size, returns_new_array, uses_loop_copy","new array created: ArrayCreator(dimensions=[MemberReference(member=size, postfix_operators=[], prefix_operators=[], qualifier=, selectors=[])], initializer=None, postfix_operators=[], prefix_operators=[], qualifier=None, selectors=[], type=ReferenceType(arguments=None, dimensions=None, name=Object, sub_type=None)) | for loop condition: BinaryOperation(operandl=MemberReference(member=i, postfix_operators=[], prefix_operators=[], qualifier=, selectors=[]), operandr=MemberReference(member=size, postfix_operators=[], prefix_operators=[], qualifier=, selectors=[]), operator=<) | return statement: ReturnStatement(expression=MemberReference(member=toreturn, postfix_operators=[], prefix_operators=[], qualifier=, selectors=[]), label=None)"
Yak.java,ArrayCollection,toSortedList,method,"171, 172, 173, 175, 176, 179, 180, 181, 182, 183, 184, 185, 186, 189","ignores_size_in_sort_scope, loop_bound_other, size_not_mutated_in_toSortedList","while loop condition: MethodInvocation(arguments=[], member=hasNext, postfix_operators=[], prefix_operators=[], qualifier=itr, selectors=[], type_arguments=None) | add call: MethodInvocation(arguments=[MethodInvocation(arguments=[], member=next, postfix_operators=[], prefix_operators=[], qualifier=itr, selectors=[], type_arguments=None)], member=add, postfix_operators=[], prefix_operators=[], qualifier=toReturn, selectors=[], type_arguments=None) | for loop condition: BinaryOperation(operandl=MemberReference(member=i, postfix_operators=[], prefix_operators=[], qualifier=, selectors=[]), operandr=BinaryOperation(operandl=MethodInvocation(arguments=[], member=size, postfix_operators=[], prefix_operators=[], qualifier=toReturn, selectors=[], type_arguments=None), operandr=Literal(postfix_operators=[], prefix_operators=[], qualifier=None, selectors=[], value=1), operator=-), operator=<) | for loop condition: BinaryOperation(operandl=MemberReference(member=j, postfix_operators=[], prefix_operators=[], qualifier=, selectors=[]), operandr=MethodInvocation(arguments=[], member=size, postfix_operators=[], prefix_operators=[], qualifier=toReturn, selectors=[], type_arguments=None), operator=<)"
